,Model,F1,Recall,Precision,Accuracy
0,rf,0.9502574519344325,0.9460120391271633,0.9545411407421467,0.9457859239046491
