,Model,F1,Recall,Precision,Accuracy
0,xgb,0.9596633310285105,0.951242442551289,0.9682361900736074,0.956227153374865
