,Model,F1,Recall,Precision,Accuracy
0,tuned_decision_tree,0.9454222910721889,0.935863211947027,0.9551970147629371,0.9408639242135612
